{
  "ECG": [
    [
      7137166,
      7414106,
      0.3013925657
    ],
    [
      7377870,
      7383302,
      0.343015406
    ],
    [
      7553828,
      7587436,
      0.3612951315
    ],
    [
      6779076,
      7379224,
      0.3880223353
    ],
    [
      7238944,
      7264944,
      0.3938163096
    ],
    [
      7574696,
      7611520,
      0.3942701023
    ],
    [
      7094136,
      7220980,
      0.3981813093
    ],
    [
      6275400,
      6298896,
      0.3989290683
    ],
    [
      6625400,
      7479248,
      0.4026470338
    ],
    [
      6961239,
      7385163,
      0.4042721064
    ]
  ],
  "ASTRO": [
    [
      609810,
      888455,
      1.264327903
    ],
    [
      502518,
      656063,
      1.312459673
    ],
    [
      321598,
      423427,
      1.368041725
    ],
    [
      342595,
      625081,
      1.403194924
    ],
    [
      218448,
      1006871,
      1.442935122
    ],
    [
      192254,
      466432,
      1.523167513
    ],
    [
      527024,
      533903,
      1.526611152
    ],
    [
      520191,
      743708,
      1.558780057
    ],
    [
      192097,
      193569,
      1.583277835
    ],
    [
      267982,
      512333,
      1.617081054
    ]
  ]
}
