{
  "ECG": [
    [
      7137166,
      7414106,
      0.3013925657
    ],
    [
      7377870,
      7383302,
      0.343015406
    ],
    [
      7553828,
      7587436,
      0.3612951315
    ],
    [
      6779076,
      7379224,
      0.3880223353
    ],
    [
      7238944,
      7264944,
      0.3938163096
    ],
    [
      7574696,
      7611520,
      0.3942701023
    ],
    [
      7094136,
      7220980,
      0.3981813093
    ],
    [
      6275400,
      6298896,
      0.3989290683
    ],
    [
      6625400,
      7479248,
      0.4026470338
    ],
    [
      6961239,
      7385163,
      0.4042721064
    ]
  ],
  "EMG": [
    [
      1261476,
      1262673,
      0.03365246277
    ],
    [
      667487,
      1262126,
      0.8175248509
    ],
    [
      1263322,
      1263498,
      1.851609885
    ],
    [
      627204,
      966555,
      2.738796474
    ],
    [
      665932,
      1074348,
      3.138816806
    ],
    [
      973145,
      1165047,
      3.57360501
    ],
    [
      884580,
      1224998,
      3.648795786
    ],
    [
      943203,
      994843,
      4.406329107
    ],
    [
      1107444,
      1132094,
      4.538580129
    ],
    [
      1094317,
      1129500,
      5.259726325
    ]
  ],
  "freezer": [
    [
      1834102,
      3705031,
      4.195242485
    ],
    [
      3698075,
      4733298,
      5.765751866
    ],
    [
      2352367,
      4186991,
      7.077046765
    ],
    [
      3993450,
      4002563,
      7.318316307
    ],
    [
      4618976,
      4812738,
      9.207241828
    ],
    [
      1408089,
      1697587,
      10.56533893
    ],
    [
      5169982,
      6429402,
      11.46242184
    ],
    [
      723608,
      1825768,
      11.94925582
    ],
    [
      5230708,
      6641806,
      12.46052708
    ],
    [
      191377,
      6339277,
      12.50717434
    ]
  ],
  "ASTRO": [
    [
      609810,
      888455,
      1.264327903
    ],
    [
      502518,
      656063,
      1.312459673
    ],
    [
      321598,
      423427,
      1.368041725
    ],
    [
      342595,
      625081,
      1.403194924
    ],
    [
      218448,
      1006871,
      1.442935122
    ],
    [
      192254,
      466432,
      1.523167513
    ],
    [
      527024,
      533903,
      1.526611152
    ],
    [
      520191,
      743708,
      1.558780057
    ],
    [
      192097,
      193569,
      1.583277835
    ],
    [
      267982,
      512333,
      1.617081054
    ]
  ],
  "GAP": [
    [
      338481,
      341278,
      3.089443099
    ],
    [
      327038,
      339856,
      3.213543579
    ],
    [
      334165,
      342722,
      3.270726358
    ],
    [
      236164,
      693962,
      3.454444046
    ],
    [
      154976,
      1575233,
      3.56899192
    ],
    [
      337021,
      344243,
      3.587750942
    ],
    [
      254865,
      629491,
      3.709430589
    ],
    [
      102773,
      106711,
      3.711531742
    ],
    [
      346911,
      453797,
      3.719914871
    ],
    [
      220361,
      973684,
      3.734374872
    ]
  ]
}
